probe_subject,claimed_subject,session,llr,fidelity,bhattacharyya
s002,s002,5,0.7511308455393199,0.21185091766431635,0.7323845558229506
s002,s002,6,0.7235757146777866,0.25265010750250855,0.7187880058052725
s002,s002,7,0.7057672102298516,0.3306205562955907,0.743361518923234
s002,s002,8,0.2949096672262107,0.17549817208922214,0.7616175974856749
s003,s003,5,0.8122930305451307,0.39937574560923017,0.7962592879803144
s003,s003,6,0.8263118140753817,0.3438937572082483,0.7342121868841731
s003,s003,7,0.6423007953050829,0.3641499527106084,0.8200823632310367
s003,s003,8,0.5771657686315939,0.2678783381216384,0.7386994779101269
s004,s004,5,0.7327384804628398,0.5002302965355631,0.7724270674319513
s004,s004,6,0.7717375905282928,0.40830895488885527,0.812174932266369
s004,s004,7,0.6030239162215978,0.36324060098843103,0.7791132403187371
s004,s004,8,0.5765237426069182,0.2503557068568105,0.7454691722933078
s005,s005,5,0.8427216608745213,0.4350444374141469,0.7841920650284444
s005,s005,6,0.921790603167947,0.5177053546505138,0.7893993624294319
s005,s005,7,0.8635740452866715,0.3804995061753914,0.7951105985048467
s005,s005,8,0.8269438920566674,0.5674511383727651,0.8227304204626623
s007,s007,5,0.4868951823540378,0.15763047802038999,0.6896875451504381
s007,s007,6,0.5081618917279159,0.010493571292387838,0.6894693901656456
s007,s007,7,0.48770566301066237,0.2524105608826482,0.708342108225866
s007,s007,8,0.5619284321622819,0.27716504612412435,0.7001536224538676
s008,s008,5,0.8119216782258909,0.48817225931566416,0.8574617959916494
s008,s008,6,0.8135882852709326,0.33590844813352877,0.7767306563662332
s008,s008,7,0.7314396461894032,0.47115817277480904,0.7986469792686576
s008,s008,8,0.8424292786687595,0.20048026483081596,0.6759967812909994
s010,s010,5,0.7128557928196236,0.5565272820024565,0.8745347599934062
s010,s010,6,0.8630909426471486,0.4525005557014675,0.8302989050558796
s010,s010,7,0.866858208316794,0.43508295652403306,0.8174097009330438
s010,s010,8,0.5128791092289787,0.39621867743614353,0.749771337337303
s011,s011,5,0.6444893218902605,0.6334203710869178,0.871165550734665
s011,s011,6,0.7125290301142091,0.5812197347999346,0.851371978533978
s011,s011,7,0.44793196403589675,0.5224888925182661,0.8456794912114335
s011,s011,8,0.7209677008691273,0.14092697577288732,0.646849429181919
s012,s012,5,0.802046044187121,0.5902315621781264,0.8982169651247889
s012,s012,6,0.8914222208062461,0.6603937232245685,0.8735031607419946
s012,s012,7,0.8542335620299469,0.6738415026326107,0.8929789536529689
s012,s012,8,0.8080761257357575,0.34599579760856447,0.7692651718684308
s013,s013,5,0.761732742253821,0.5256656180402269,0.7801111373704079
s013,s013,6,0.7544175152415614,0.42591029299229993,0.7431689030850823
s013,s013,7,0.4706303256497907,0.5000769342048446,0.8284059463377154
s013,s013,8,0.4062313088986366,0.4542780483000322,0.8114887767397988
s015,s015,5,0.8759260662721361,0.33841661107734733,0.7283678858782191
s015,s015,6,0.7585110038492471,0.45672689395748944,0.757159338060366
s015,s015,7,0.5987111547806079,0.22345474238499344,0.6826908693601538
s015,s015,8,0.7690139253320732,0.5478246056187157,0.8361995692645525
s016,s016,5,0.8138325300113312,0.7943886776331789,0.9276442549692137
s016,s016,6,0.5841945121547973,0.7157104116536126,0.914438999859057
s016,s016,7,0.4954886917689836,0.2728800431491417,0.7246670586635939
s016,s016,8,0.5271636769942251,0.18900421684358773,0.6173694165083223
s017,s017,5,0.8667129132091179,0.46432013007396794,0.842891844892622
s017,s017,6,0.6782509746843076,0.3057395057880254,0.7500420723924255
s017,s017,7,0.5799255576677755,0.43655431870861244,0.7775598710127414
s017,s017,8,0.524115208230691,0.3629184122608982,0.7691332356115145
s018,s018,5,0.8284648087428607,0.5836806729496928,0.8287249654970484
s018,s018,6,0.8567868412083971,0.6837794498734034,0.8602809372047486
s018,s018,7,0.8013392206444944,0.7571681902318256,0.9157997339676113
s018,s018,8,0.591727344099724,0.6346260596657961,0.8662496950895517
s019,s019,5,0.8703343386469617,0.7471617741291143,0.9182056756203698
s019,s019,6,0.859269371819063,0.6648114049620866,0.9066170175258269
s019,s019,7,0.5807029907303876,0.5124153525325329,0.866544102735768
s019,s019,8,0.7503787495075387,0.49537523879924233,0.7920766579525451
s020,s020,5,0.671393725927472,0.4885050706706171,0.8125697056059976
s020,s020,6,0.8259744070263698,0.6443961671666639,0.8619155083166005
s020,s020,7,0.41913836756155437,0.37696733978937647,0.8079292911274087
s020,s020,8,0.5626637232299454,0.6627613845672268,0.8965649910795996
s021,s021,5,0.7792918101741162,0.48491564979949076,0.7887247148034979
s021,s021,6,0.45901976424236374,0.21805255276231306,0.6724237629894713
s021,s021,7,0.6302974341568063,0.40872097009936736,0.8083560891639087
s021,s021,8,0.6410372065441613,0.23095556797721778,0.6485950046729585
s022,s022,5,0.7546921074376157,0.4870792184609026,0.8024941004879408
s022,s022,6,0.6753444024809425,0.6654836805048038,0.8839359185714639
s022,s022,7,0.7528424631710532,0.6245799033999515,0.8777540132646875
s022,s022,8,0.7031534539319645,0.6950456583838664,0.8895827482426879
s024,s024,5,0.6407552600233062,0.3432298765580011,0.8160893468951161
s024,s024,6,0.8951370072855261,0.5441388197544323,0.8427074789585989
s024,s024,7,0.7891231026186687,0.42530750644631704,0.7765441251344735
s024,s024,8,0.9022964125438249,0.5300374587663784,0.8003818682312419
s025,s025,5,0.7804789704405402,0.44926195179112927,0.7765037292871703
s025,s025,6,0.7955805945464414,0.7044528688331644,0.8696332186888763
s025,s025,7,0.8741490103090601,0.7569419158668472,0.8880283646563885
s025,s025,8,0.6967184916772325,0.7156290701825179,0.9274396154449822
s026,s026,5,0.8839383372933726,0.2912636299324452,0.6995527986885457
s026,s026,6,0.8095951392686725,0.4122527166613483,0.7278038803696556
s026,s026,7,0.9004894964943265,0.6169206665122783,0.8610938519466477
s026,s026,8,0.9031307986138337,0.3362787264653406,0.7891112508386199
s027,s027,5,0.7603766144493215,0.4418095461173851,0.7887893513385745
s027,s027,6,0.8829848057964105,0.23931651451179228,0.7537231523329455
s027,s027,7,0.725499507446895,0.18067862489271944,0.7496044387667159
s027,s027,8,0.7174707580569842,0.10281118741135865,0.802098329444349
s028,s028,5,0.8165727719470859,0.5205108622443114,0.7902842351660654
s028,s028,6,0.6734742307305246,0.33404798581329503,0.7259008891655474
s028,s028,7,0.5365325164641426,0.45102022589133406,0.8278025753783224
s028,s028,8,0.830324143279766,0.7116148327298304,0.8857810991526709
s029,s029,5,0.816692411822686,0.3822613347638575,0.7568889582658983
s029,s029,6,0.8179855787171728,0.34248188853899886,0.7422938679463356
s029,s029,7,0.8614684690708752,0.24917319613176236,0.7760942508806902
s029,s029,8,0.8661856478105364,0.22993102600165874,0.7451677381760892
s030,s030,5,0.7107967600284506,0.5957352873087847,0.8513310240782289
s030,s030,6,0.6090851067459252,0.6350169162544336,0.8810561404307958
s030,s030,7,0.598365756719154,0.48423016304467276,0.80574245929531
s030,s030,8,0.808578535396152,0.5038383919382692,0.8162199903556214
s031,s031,5,0.6581571161708132,0.5742739795931433,0.8115508661026039
s031,s031,6,0.6408934697750214,0.3894805934676416,0.7634461346769033
s031,s031,7,0.36823054579496517,0.3698468508654215,0.7724030822054161
s031,s031,8,0.364456203932355,0.07636927444976702,0.6371173703632128
s032,s032,5,0.6508921340252101,0.2770636215588392,0.6965737989790292
s032,s032,6,0.47650068820536196,0.3871534549651734,0.8253469894723985
s032,s032,7,0.4044966926750369,0.11894858198461476,0.6574286424024631
s032,s032,8,0.7848453173889681,0.43625975883934087,0.7990004634145068
s033,s033,5,0.7983348638255763,0.5848363651886325,0.7742855372909515
s033,s033,6,0.8927560427926899,0.6206167599910735,0.8557556729564547
s033,s033,7,0.6992125472616739,0.5604486786361474,0.7997577883256944
s033,s033,8,0.8039026713377028,0.6403298821834285,0.8821597773029068
s034,s034,5,0.7237275334953838,0.5222060847445299,0.8308046274818864
s034,s034,6,0.4591986809957157,0.29807334193519314,0.7571333181627611
s034,s034,7,0.6002138546028792,0.17865787353674653,0.7961528591448533
s034,s034,8,0.3872821801247449,0.2269987991624302,0.7263591473474066
s035,s035,5,0.8944388698994992,0.6229882558677022,0.8936011459718544
s035,s035,6,0.7561024301254406,0.5850150980487844,0.8807220778244166
s035,s035,7,0.698830513168615,0.34480163472283476,0.7528813718187262
s035,s035,8,0.6579846400736142,0.5055375258792869,0.8106196249734012
s036,s036,5,0.7628162071119241,0.8665909715820853,0.9568995616711924
s036,s036,6,0.5186845709348802,0.85119430930865,0.9624941506105219
s036,s036,7,0.6415619496490444,0.8147396180537515,0.9444826457331188
s036,s036,8,0.7989468664049573,0.8984424028406459,0.9583349232530995
s037,s037,5,0.8200560253476659,0.6184050825982045,0.8724159980323236
s037,s037,6,0.5849802821620729,0.4654811739309665,0.8385567683475913
s037,s037,7,0.6629263259275628,0.3381736864372297,0.8771049128976042
s037,s037,8,0.5804182977727872,0.341345197036872,0.8231593931209548
s038,s038,5,0.7124432034926355,0.6141511222405932,0.835511157874706
s038,s038,6,0.766420669417896,0.5845129086712932,0.8569356503182765
s038,s038,7,0.7391932277232861,0.5704273046077247,0.8101435044118417
s038,s038,8,0.6301396661883987,0.5119546970897533,0.8121501691406292
s039,s039,5,0.7213633000132268,0.7119631634616317,0.9078012407947486
s039,s039,6,0.7211266774551006,0.5986465198437901,0.891587046359398
s039,s039,7,0.625830920990014,0.38807967727759535,0.8869768644715689
s039,s039,8,0.7054162882615396,0.5783334967936241,0.8518410680221722
s040,s040,5,0.9130762113125871,0.7300031732415994,0.8985523119822807
s040,s040,6,0.7602723834749116,0.5625313886323867,0.8180725190194081
s040,s040,7,0.5757748855255576,0.6102119760134043,0.8991555126550349
s040,s040,8,0.6578337644709303,0.6487016139321689,0.8403499685684264
s041,s041,5,0.6048475134514125,0.43318570166562864,0.8383312945741547
s041,s041,6,0.397209305242566,0.7277820489337508,0.8896840434333984
s041,s041,7,0.5896389772048675,0.5788328666573332,0.8158481018966134
s041,s041,8,0.512462902342879,0.6261768031876009,0.861390604993932
s042,s042,5,0.7932402342289612,0.5949544714986031,0.8767083733716898
s042,s042,6,0.6755826088183084,0.5142576935809126,0.7943632194131274
s042,s042,7,0.6637953277852335,0.5393715320451654,0.7937154507161562
s042,s042,8,0.594170648925249,0.5074417366056068,0.835200693650768
s043,s043,5,0.9033089878374932,0.6579417596568008,0.9162606559969814
s043,s043,6,0.7881980667543774,0.8047326715633303,0.9454975062130699
s043,s043,7,0.7958951356302102,0.5888227751019333,0.8951658344895016
s043,s043,8,0.7082293905437279,0.4508884464408714,0.8046664295250854
s044,s044,5,0.7611798101411512,0.5515459384423876,0.8313797887895477
s044,s044,6,0.32648950920369063,0.46314056613385923,0.7931300311303637
s044,s044,7,0.58581640859994,0.28757520379645835,0.8019036388864825
s044,s044,8,0.5291163462255105,0.32424578488832845,0.8177746063493336
s046,s046,5,0.7125701743252021,0.3439227704840076,0.7222871422734882
s046,s046,6,0.3555807027199245,0.2581070988590281,0.6273505841181646
s046,s046,7,0.7065528342932077,0.3097881791225984,0.7506548421433739
s046,s046,8,0.8191654006108802,0.08862993177246795,0.7340937921369511
s047,s047,5,0.7901963788808736,0.4111543510040535,0.7765469040192832
s047,s047,6,0.7608199300631577,0.19227660744027483,0.7594481767049305
s047,s047,7,0.6849933568549015,0.2649679365581367,0.7942938671842291
s047,s047,8,0.8735782249971553,0.47373964378047656,0.8390438928873293
s048,s048,5,0.7627493581642183,0.3919244868406219,0.8381286498745275
s048,s048,6,0.6776368220019916,0.31283030023138536,0.653274780298916
s048,s048,7,0.7494225176530819,0.35189523212040047,0.8166507758883196
s048,s048,8,0.8688466429992981,0.36347640464286807,0.7634043757169241
s049,s049,5,0.609085352401803,0.35381574376373864,0.7501832121477414
s049,s049,6,0.4710484916033116,0.2771978695248404,0.7410911056511296
s049,s049,7,0.6533243214567579,0.2764224630159608,0.7029414812329616
s049,s049,8,0.46479481783149174,0.28160945048714137,0.689130288812289
s050,s050,5,0.8067274877451774,0.6888924988081284,0.8607781864903379
s050,s050,6,0.7655874869042071,0.4831226188178054,0.7835271200446792
s050,s050,7,0.7114740480318019,0.08049529601053307,0.6538354361627793
s050,s050,8,0.7763801506405851,0.40041913456343553,0.7725933474958547
s051,s051,5,0.5121078750788685,0.34632692133978743,0.7450181310471408
s051,s051,6,0.31690778248400503,0.3060455028354009,0.8415965735448037
s051,s051,7,0.5743639562716942,0.3305545216576425,0.7826111531599107
s051,s051,8,0.20725798806333534,0.16864584820159897,0.7367152242189342
s052,s052,5,0.7965031725223706,0.9058396758418035,0.9657473838940396
s052,s052,6,0.8517415468571065,0.8644175915865608,0.9607831319356075
s052,s052,7,0.913827324351529,0.8859393836832827,0.9646617104446582
s052,s052,8,0.6207872728389241,0.8198085697642579,0.9433626019746956
s053,s053,5,0.8686843880607349,0.6296823711545654,0.8665208338925752
s053,s053,6,0.8530042517559241,0.4531184864000131,0.791908354262122
s053,s053,7,0.8359038676712938,0.6926914496033022,0.8736107527412856
s053,s053,8,0.864538618010306,0.013493345937850376,0.5594618164898424
s054,s054,5,0.4794184988723779,0.12439958627174591,0.7180175666114996
s054,s054,6,0.3751773502630202,0.34457162542160513,0.7690532567699729
s054,s054,7,0.5718908199819281,0.44392804710378947,0.7370496383208246
s054,s054,8,0.5039378884934609,0.26530949998504244,0.766879086666903
s055,s055,5,0.8219556329230349,0.7301793602787997,0.8939057010675071
s055,s055,6,0.655287554768277,0.5033855776596342,0.8435961593498617
s055,s055,7,0.7073050143488908,0.4832239410429454,0.8296829318563284
s055,s055,8,0.7479330563169535,0.0286922698009896,0.6743023725106221
s056,s056,5,0.833261533033729,0.7133881418623412,0.9075475351814768
s056,s056,6,0.6235151637072078,0.45934702928285276,0.8444136367758671
s056,s056,7,0.6012025357005213,0.5924153633876397,0.8637056072944082
s056,s056,8,0.7222382106573598,0.2721261564552903,0.7044402383710335
s057,s057,5,0.5549082009860985,0.597484295277522,0.8643497389040639
s057,s057,6,0.4312439886353149,0.5564663638534509,0.8632991490796742
s057,s057,7,0.3859001268065853,0.43030306031440074,0.8402412594998466
s057,s057,8,0.2618158111709177,0.37738333632943855,0.8302152621708702
