subject_id,session_idx,decision,fused_score,fidelity_thr,fidelity_pass,mean_recon_error,anomaly_zone,llr,fidelity_ip,fidelity_bc,elapsed_ms,is_genuine,attempt_type
s002,5,ACCESS_GRANTED,0.9895364835365,0.06049,True,0.015200844034552574,normal,0.7511308455393199,0.21185091766431635,0.7323845558229506,2066.4801597595215,True,genuine
s002,6,ACCESS_GRANTED,0.9923790748726196,0.06049,True,0.012760275043547153,normal,0.7235757146777866,0.25265010750250855,0.7187880058052725,1255.913257598877,True,genuine
s002,7,ACCESS_GRANTED,0.9979413680609374,0.06049,True,0.015770578756928444,normal,0.7057672102298516,0.3306205562955907,0.743361518923234,2015.5632495880127,True,genuine
s002,8,REJECT_SESSION,0.06048677334561039,0.06049,False,0.02458503097295761,normal,0.2949096672262107,0.17549817208922214,0.7616175974856749,2184.8273277282715,True,genuine
s003,5,ACCESS_GRANTED,0.9994333222200964,0.86069,True,0.020814411342144012,normal,0.8122930305451307,0.39937574560923017,0.7962592879803144,2243.762493133545,True,genuine
s003,6,ACCESS_GRANTED,0.9987323464233133,0.86069,True,0.020466703921556473,normal,0.8263118140753817,0.3438937572082483,0.7342121868841731,1762.4540328979492,True,genuine
s003,7,ACCESS_GRANTED,0.988782976538209,0.86069,True,0.028301307931542397,normal,0.6423007953050829,0.3641499527106084,0.8200823632310367,3518.4781551361084,True,genuine
s003,8,ACCESS_GRANTED,0.8606915713285286,0.86069,True,0.02820746786892414,normal,0.5771657686315939,0.2678783381216384,0.7386994779101269,1978.1947135925293,True,genuine
s004,5,ACCESS_GRANTED,0.9999940037537454,0.9915,True,0.018261972814798355,normal,0.7327384804628398,0.5002302965355631,0.7724270674319513,1434.133529663086,True,genuine
s004,6,ACCESS_GRANTED,0.9999880931241668,0.9915,True,0.015093877911567688,normal,0.7717375905282928,0.40830895488885527,0.812174932266369,1622.6806640625,True,genuine
s004,7,ACCESS_GRANTED,0.9993038637362807,0.9915,True,0.015752537176012993,normal,0.6030239162215978,0.36324060098843103,0.7791132403187371,1487.6477718353271,True,genuine
s004,8,REJECT_SESSION,0.991499372860769,0.9915,False,0.016103066504001617,normal,0.5765237426069182,0.2503557068568105,0.7454691722933078,1837.3215198516846,True,genuine
s005,5,ACCESS_GRANTED,0.9999933000644576,0.99999,True,0.014436881057918072,normal,0.8427216608745213,0.4350444374141469,0.7841920650284444,1059.004783630371,True,genuine
s005,6,ACCESS_GRANTED,0.9999995640092207,0.99999,True,0.01602199114859104,normal,0.921790603167947,0.5177053546505138,0.7893993624294319,930.8104515075684,True,genuine
s005,7,REJECT_SESSION,0.9999896433226864,0.99999,False,0.015860728919506073,normal,0.8635740452866715,0.3804995061753914,0.7951105985048467,1792.7937507629395,True,genuine
s005,8,ACCESS_GRANTED,0.9999990117265308,0.99999,True,0.01566959172487259,normal,0.8269438920566674,0.5674511383727651,0.8227304204626623,1805.1016330718994,True,genuine
s007,5,ACCESS_GRANTED,0.6331272659144113,0.11549,True,0.013725846074521542,normal,0.4868951823540378,0.15763047802038999,0.6896875451504381,1455.1849365234375,True,genuine
s007,6,REJECT_SESSION,0.11548581365502061,0.11549,False,0.015978176146745682,normal,0.5081618917279159,0.010493571292387838,0.6894693901656456,1302.596092224121,True,genuine
s007,7,ACCESS_GRANTED,0.9250465619832677,0.11549,True,0.016279326751828194,normal,0.48770566301066237,0.2524105608826482,0.708342108225866,941.6100978851318,True,genuine
s007,8,ACCESS_GRANTED,0.9853790469708328,0.11549,True,0.014231029897928238,normal,0.5619284321622819,0.27716504612412435,0.7001536224538676,1023.7939357757568,True,genuine
s008,5,ACCESS_GRANTED,0.9998795492128444,0.98614,True,0.015113623812794685,normal,0.8119216782258909,0.48817225931566416,0.8574617959916494,1060.5835914611816,True,genuine
s008,6,ACCESS_GRANTED,0.9982575680321542,0.98614,True,0.01585477776825428,normal,0.8135882852709326,0.33590844813352877,0.7767306563662332,1008.4521770477295,True,genuine
s008,7,ACCESS_GRANTED,0.99941732355975,0.98614,True,0.01480114459991455,normal,0.7314396461894032,0.47115817277480904,0.7986469792686576,1074.0435123443604,True,genuine
s008,8,REJECT_SESSION,0.9861367158316503,0.98614,False,0.01570572890341282,normal,0.8424292786687595,0.20048026483081596,0.6759967812909994,982.8574657440186,True,genuine
s010,5,ACCESS_GRANTED,0.9999981740513381,0.99783,True,0.010117072612047195,normal,0.7128557928196236,0.5565272820024565,0.8745347599934062,962.6491069793701,True,genuine
s010,6,ACCESS_GRANTED,0.9999992011718546,0.99783,True,0.00982250552624464,normal,0.8630909426471486,0.4525005557014675,0.8302989050558796,1489.1502857208252,True,genuine
s010,7,ACCESS_GRANTED,0.9999989395672871,0.99783,True,0.011849034577608109,normal,0.866858208316794,0.43508295652403306,0.8174097009330438,2815.4966831207275,True,genuine
s010,8,ACCESS_GRANTED,0.997832637374979,0.99783,True,0.010396625846624374,normal,0.5128791092289787,0.39621867743614353,0.749771337337303,1873.8033771514893,True,genuine
s011,5,ACCESS_GRANTED,0.9966177419552735,0.82343,True,0.02270418219268322,normal,0.6444893218902605,0.6334203710869178,0.871165550734665,1648.751974105835,True,genuine
s011,6,ACCESS_GRANTED,0.9979895638643405,0.82343,True,0.020101679489016533,normal,0.7125290301142091,0.5812197347999346,0.851371978533978,1049.6087074279785,True,genuine
s011,7,ACCESS_GRANTED,0.8234328099332983,0.82343,True,0.021792858839035034,normal,0.44793196403589675,0.5224888925182661,0.8456794912114335,963.3355140686035,True,genuine
s011,8,ACCESS_GRANTED,0.8524268086933241,0.82343,True,0.020634394139051437,normal,0.7209677008691273,0.14092697577288732,0.646849429181919,991.682767868042,True,genuine
s012,5,ACCESS_GRANTED,0.9988750861555665,0.98784,True,0.02258726768195629,normal,0.802046044187121,0.5902315621781264,0.8982169651247889,1187.5183582305908,True,genuine
s012,6,ACCESS_GRANTED,0.9998243674016735,0.98784,True,0.0228642039000988,normal,0.8914222208062461,0.6603937232245685,0.8735031607419946,1010.0793838500977,True,genuine
s012,7,ACCESS_GRANTED,0.9997452455499799,0.98784,True,0.02205415815114975,normal,0.8542335620299469,0.6738415026326107,0.8929789536529689,1136.6548538208008,True,genuine
s012,8,REJECT_SESSION,0.9878397257502698,0.98784,False,0.020637381821870804,normal,0.8080761257357575,0.34599579760856447,0.7692651718684308,1016.4892673492432,True,genuine
s013,5,ACCESS_GRANTED,0.9999413127752148,0.93831,True,0.013346816413104534,normal,0.761732742253821,0.5256656180402269,0.7801111373704079,866.7271137237549,True,genuine
s013,6,ACCESS_GRANTED,0.9996912860412334,0.93831,True,0.014857178553938866,normal,0.7544175152415614,0.42591029299229993,0.7431689030850823,921.4365482330322,True,genuine
s013,7,ACCESS_GRANTED,0.9894062077563305,0.93831,True,0.012945970520377159,normal,0.4706303256497907,0.5000769342048446,0.8284059463377154,557.5358867645264,True,genuine
s013,8,REJECT_SESSION,0.9383092138647335,0.93831,False,0.013083524070680141,normal,0.4062313088986366,0.4542780483000322,0.8114887767397988,531.9836139678955,True,genuine
s015,5,ACCESS_GRANTED,0.9997620269186852,0.90296,True,0.0176660418510437,normal,0.8759260662721361,0.33841661107734733,0.7283678858782191,565.758228302002,True,genuine
s015,6,ACCESS_GRANTED,0.9999103931131799,0.90296,True,0.017540860921144485,normal,0.7585110038492471,0.45672689395748944,0.757159338060366,510.7133388519287,True,genuine
s015,7,REJECT_SESSION,0.902958277148048,0.90296,False,0.019731340929865837,normal,0.5987111547806079,0.22345474238499344,0.6826908693601538,553.9236068725586,True,genuine
s015,8,ACCESS_GRANTED,0.9999907263105823,0.90296,True,0.0172959603369236,normal,0.7690139253320732,0.5478246056187157,0.8361995692645525,541.1641597747803,True,genuine
s016,5,ACCESS_GRANTED,0.9999999999605542,0.99795,True,0.022611813619732857,normal,0.8138325300113312,0.7943886776331789,0.9276442549692137,526.9911289215088,True,genuine
s016,6,ACCESS_GRANTED,0.9999999311750477,0.99795,True,0.022625619545578957,normal,0.5841945121547973,0.7157104116536126,0.914438999859057,519.5896625518799,True,genuine
s016,7,ACCESS_GRANTED,0.9989920409920048,0.99795,True,0.01733173243701458,normal,0.4954886917689836,0.2728800431491417,0.7246670586635939,531.7885875701904,True,genuine
s016,8,ACCESS_GRANTED,0.9979519662336338,0.99795,True,0.0205149594694376,normal,0.5271636769942251,0.18900421684358773,0.6173694165083223,518.3203220367432,True,genuine
s017,5,ACCESS_GRANTED,0.9999990990740942,0.99573,True,0.008552368730306625,normal,0.8667129132091179,0.46432013007396794,0.842891844892622,539.3152236938477,True,genuine
s017,6,ACCESS_GRANTED,0.9991761387766451,0.99573,True,0.008881861343979836,normal,0.6782509746843076,0.3057395057880254,0.7500420723924255,514.8742198944092,True,genuine
s017,7,ACCESS_GRANTED,0.9996190404822601,0.99573,True,0.00831334013491869,normal,0.5799255576677755,0.43655431870861244,0.7775598710127414,525.6674289703369,True,genuine
s017,8,REJECT_SESSION,0.9957290421307223,0.99573,False,0.008610483258962631,normal,0.524115208230691,0.3629184122608982,0.7691332356115145,514.9507522583008,True,genuine
s018,5,ACCESS_GRANTED,0.9999993326545343,0.99995,True,0.019379956647753716,normal,0.8284648087428607,0.5836806729496928,0.8287249654970484,547.3337173461914,True,genuine
s018,6,ACCESS_GRANTED,0.9999999024440294,0.99995,True,0.022158890962600708,normal,0.8567868412083971,0.6837794498734034,0.8602809372047486,525.3205299377441,True,genuine
s018,7,ACCESS_GRANTED,0.9999998919599357,0.99995,True,0.02041490748524666,normal,0.8013392206444944,0.7571681902318256,0.9157997339676113,540.5795574188232,True,genuine
s018,8,ACCESS_GRANTED,0.9999532533921514,0.99995,True,0.02052467316389084,normal,0.591727344099724,0.6346260596657961,0.8662496950895517,537.0759963989258,True,genuine
s019,5,ACCESS_GRANTED,0.9999999998820488,0.99999,True,0.013071614317595959,normal,0.8703343386469617,0.7471617741291143,0.9182056756203698,648.3936309814453,True,genuine
s019,6,ACCESS_GRANTED,0.9999999993453219,0.99999,True,0.01280985027551651,normal,0.859269371819063,0.6648114049620866,0.9066170175258269,849.4293689727783,True,genuine
s019,7,ACCESS_GRANTED,0.9999938102955326,0.99999,True,0.013219439424574375,normal,0.5807029907303876,0.5124153525325329,0.866544102735768,802.0012378692627,True,genuine
s019,8,ACCESS_GRANTED,0.9999997811256404,0.99999,True,0.010761406272649765,normal,0.7503787495075387,0.49537523879924233,0.7920766579525451,862.2138500213623,True,genuine
s020,5,ACCESS_GRANTED,0.9999692993749731,0.97055,True,0.017072878777980804,normal,0.671393725927472,0.4885050706706171,0.8125697056059976,547.6644039154053,True,genuine
s020,6,ACCESS_GRANTED,0.9999998872907874,0.97055,True,0.021034449338912964,normal,0.8259744070263698,0.6443961671666639,0.8619155083166005,523.7977504730225,True,genuine
s020,7,REJECT_SESSION,0.9705471901905618,0.97055,False,0.01683344878256321,normal,0.41913836756155437,0.37696733978937647,0.8079292911274087,543.2837009429932,True,genuine
s020,8,ACCESS_GRANTED,0.999980375449508,0.97055,True,0.022505735978484154,normal,0.5626637232299454,0.6627613845672268,0.8965649910795996,526.85546875,True,genuine
s021,5,ACCESS_GRANTED,0.9999999990797852,0.99705,True,0.01448131538927555,normal,0.7792918101741162,0.48491564979949076,0.7887247148034979,535.1033210754395,True,genuine
s021,6,REJECT_SESSION,0.9970484844746484,0.99705,False,0.018042486160993576,normal,0.45901976424236374,0.21805255276231306,0.6724237629894713,549.8473644256592,True,genuine
s021,7,ACCESS_GRANTED,0.999999755223284,0.99705,True,0.016359494999051094,normal,0.6302974341568063,0.40872097009936736,0.8083560891639087,555.199146270752,True,genuine
s021,8,ACCESS_GRANTED,0.9999767713910268,0.99705,True,0.014934588223695755,normal,0.6410372065441613,0.23095556797721778,0.6485950046729585,533.6806774139404,True,genuine
s022,5,ACCESS_GRANTED,0.9999680401003677,0.99996,True,0.020857885479927063,normal,0.7546921074376157,0.4870792184609026,0.8024941004879408,538.8827323913574,True,genuine
s022,6,ACCESS_GRANTED,0.999963613527495,0.99996,True,0.015826283022761345,normal,0.6753444024809425,0.6654836805048038,0.8839359185714639,500.05316734313965,True,genuine
s022,7,ACCESS_GRANTED,0.9999907149803624,0.99996,True,0.012086833827197552,normal,0.7528424631710532,0.6245799033999515,0.8777540132646875,546.8053817749023,True,genuine
s022,8,ACCESS_GRANTED,0.9999847504137361,0.99996,True,0.011488682590425014,normal,0.7031534539319645,0.6950456583838664,0.8895827482426879,516.4351463317871,True,genuine
s024,5,ACCESS_GRANTED,0.9997807235683697,0.99978,True,0.012250020168721676,normal,0.6407552600233062,0.3432298765580011,0.8160893468951161,561.795711517334,True,genuine
s024,6,ACCESS_GRANTED,0.9999999533349717,0.99978,True,0.012528933584690094,normal,0.8951370072855261,0.5441388197544323,0.8427074789585989,524.2202281951904,True,genuine
s024,7,ACCESS_GRANTED,0.9999966279443521,0.99978,True,0.011776813305914402,normal,0.7891231026186687,0.42530750644631704,0.7765441251344735,566.9887065887451,True,genuine
s024,8,ACCESS_GRANTED,0.9999999407559017,0.99978,True,0.011138209141790867,normal,0.9022964125438249,0.5300374587663784,0.8003818682312419,548.736572265625,True,genuine
s025,5,REJECT_SESSION,0.9999999899354542,1.0,False,0.01379522867500782,normal,0.7804789704405402,0.44926195179112927,0.7765037292871703,525.6407260894775,True,genuine
s025,6,REJECT_SESSION,0.9999999999781928,1.0,False,0.012099379673600197,normal,0.7955805945464414,0.7044528688331644,0.8696332186888763,563.0829334259033,True,genuine
s025,7,REJECT_SESSION,0.9999999999990681,1.0,False,0.012990929186344147,normal,0.8741490103090601,0.7569419158668472,0.8880283646563885,661.2064838409424,True,genuine
s025,8,REJECT_SESSION,0.9999999998295108,1.0,False,0.013279963284730911,normal,0.6967184916772325,0.7156290701825179,0.9274396154449822,813.8575553894043,True,genuine
s026,5,REJECT_SESSION,0.9999494976297002,0.99995,False,0.013240126892924309,normal,0.8839383372933726,0.2912636299324452,0.6995527986885457,837.5964164733887,True,genuine
s026,6,ACCESS_GRANTED,0.9999864431529912,0.99995,True,0.011472093872725964,normal,0.8095951392686725,0.4122527166613483,0.7278038803696556,853.5759449005127,True,genuine
s026,7,ACCESS_GRANTED,0.9999999686862203,0.99995,True,0.009564320556819439,normal,0.9004894964943265,0.6169206665122783,0.8610938519466477,567.1396255493164,True,genuine
s026,8,ACCESS_GRANTED,0.9999889162787322,0.99995,True,0.011945129372179508,normal,0.9031307986138337,0.3362787264653406,0.7891112508386199,555.0141334533691,True,genuine
s027,5,ACCESS_GRANTED,0.9999999890229233,0.99961,True,0.013875922188162804,normal,0.7603766144493215,0.4418095461173851,0.7887893513385745,496.86264991760254,True,genuine
s027,6,ACCESS_GRANTED,0.999999716864991,0.99961,True,0.014582435600459576,normal,0.8829848057964105,0.23931651451179228,0.7537231523329455,539.8521423339844,True,genuine
s027,7,ACCESS_GRANTED,0.9999572070125976,0.99961,True,0.014070284552872181,normal,0.725499507446895,0.18067862489271944,0.7496044387667159,506.55245780944824,True,genuine
s027,8,REJECT_SESSION,0.9996059052320395,0.99961,False,0.013965186662971973,normal,0.7174707580569842,0.10281118741135865,0.802098329444349,527.9629230499268,True,genuine
s028,5,ACCESS_GRANTED,0.9999946723992423,0.99777,True,0.011280307546257973,normal,0.8165727719470859,0.5205108622443114,0.7902842351660654,506.1047077178955,True,genuine
s028,6,ACCESS_GRANTED,0.9986356239782324,0.99777,True,0.009890316985547543,normal,0.6734742307305246,0.33404798581329503,0.7259008891655474,557.7061176300049,True,genuine
s028,7,REJECT_SESSION,0.997767634530483,0.99777,False,0.009631323628127575,normal,0.5365325164641426,0.45102022589133406,0.8278025753783224,533.3421230316162,True,genuine
s028,8,ACCESS_GRANTED,0.9999998092164808,0.99777,True,0.010926096700131893,normal,0.830324143279766,0.7116148327298304,0.8857810991526709,534.5859527587891,True,genuine
s029,5,ACCESS_GRANTED,0.9998331416358432,0.99826,True,0.011965205892920494,normal,0.816692411822686,0.3822613347638575,0.7568889582658983,519.9422836303711,True,genuine
s029,6,ACCESS_GRANTED,0.9996174149308557,0.99826,True,0.013433297164738178,normal,0.8179855787171728,0.34248188853899886,0.7422938679463356,550.86350440979,True,genuine
s029,7,ACCESS_GRANTED,0.998891783850116,0.99826,True,0.013828428462147713,normal,0.8614684690708752,0.24917319613176236,0.7760942508806902,544.8288917541504,True,genuine
s029,8,ACCESS_GRANTED,0.9982603405225859,0.99826,True,0.01342257671058178,normal,0.8661856478105364,0.22993102600165874,0.7451677381760892,569.9527263641357,True,genuine
s030,5,ACCESS_GRANTED,0.9999997784542882,0.99998,True,0.01592213101685047,normal,0.7107967600284506,0.5957352873087847,0.8513310240782289,542.217493057251,True,genuine
s030,6,ACCESS_GRANTED,0.9999988320685076,0.99998,True,0.018157457932829857,normal,0.6090851067459252,0.6350169162544336,0.8810561404307958,529.2518138885498,True,genuine
s030,7,ACCESS_GRANTED,0.9999816090664045,0.99998,True,0.02081061340868473,normal,0.598365756719154,0.48423016304467276,0.80574245929531,546.1766719818115,True,genuine
s030,8,ACCESS_GRANTED,0.999999897250253,0.99998,True,0.019658558070659637,normal,0.808578535396152,0.5038383919382692,0.8162199903556214,520.0586318969727,True,genuine
s031,5,ACCESS_GRANTED,0.9999999760821056,0.40266,True,0.02023392729461193,normal,0.6581571161708132,0.5742739795931433,0.8115508661026039,701.702356338501,True,genuine
s031,6,ACCESS_GRANTED,0.9999980889883138,0.40266,True,0.018151892349123955,normal,0.6408934697750214,0.3894805934676416,0.7634461346769033,813.2932186126709,True,genuine
s031,7,ACCESS_GRANTED,0.9979560475569498,0.40266,True,0.020361486822366714,normal,0.36823054579496517,0.3698468508654215,0.7724030822054161,860.6357574462891,True,genuine
s031,8,REJECT_SESSION,0.40265750551129664,0.40266,False,0.018926585093140602,normal,0.364456203932355,0.07636927444976702,0.6371173703632128,843.7855243682861,True,genuine
s032,5,ACCESS_GRANTED,0.9953686908203014,0.13731,True,0.019730830565094948,normal,0.6508921340252101,0.2770636215588392,0.6965737989790292,535.3107452392578,True,genuine
s032,6,ACCESS_GRANTED,0.9837255611304611,0.13731,True,0.023856425657868385,normal,0.47650068820536196,0.3871534549651734,0.8253469894723985,552.3459911346436,True,genuine
s032,7,REJECT_SESSION,0.13730969865162299,0.13731,False,0.021860839799046516,normal,0.4044966926750369,0.11894858198461476,0.6574286424024631,534.9323749542236,True,genuine
s032,8,ACCESS_GRANTED,0.99997694311584,0.13731,True,0.019306499511003494,normal,0.7848453173889681,0.43625975883934087,0.7990004634145068,564.6460056304932,True,genuine
s033,5,REJECT_SESSION,0.999999996595889,1.0,False,0.032670434564352036,elevated,0.7983348638255763,0.5848363651886325,0.7742855372909515,522.2358703613281,True,genuine
s033,6,REJECT_SESSION,0.9999999998630373,1.0,False,0.026903901249170303,normal,0.8927560427926899,0.6206167599910735,0.8557556729564547,547.8765964508057,True,genuine
s033,7,REJECT_SESSION,0.9999999385680212,1.0,False,0.030398856848478317,elevated,0.6992125472616739,0.5604486786361474,0.7997577883256944,517.2529220581055,True,genuine
s033,8,REJECT_SESSION,0.9999999990614608,1.0,False,0.029138747602701187,elevated,0.8039026713377028,0.6403298821834285,0.8821597773029068,551.4719486236572,True,genuine
s034,5,ACCESS_GRANTED,0.9999982583799955,0.74692,True,0.02204192988574505,normal,0.7237275334953838,0.5222060847445299,0.8308046274818864,519.8080539703369,True,genuine
s034,6,ACCESS_GRANTED,0.9791910422679855,0.74692,True,0.018166691064834595,normal,0.4591986809957157,0.29807334193519314,0.7571333181627611,535.4809761047363,True,genuine
s034,7,ACCESS_GRANTED,0.9929976689311202,0.74692,True,0.01822655089199543,normal,0.6002138546028792,0.17865787353674653,0.7961528591448533,508.9223384857178,True,genuine
s034,8,REJECT_SESSION,0.7469175341826765,0.74692,False,0.018559200689196587,normal,0.3872821801247449,0.2269987991624302,0.7263591473474066,527.5704860687256,True,genuine
s035,5,ACCESS_GRANTED,0.9999999998628588,0.99999,True,0.01643160544335842,normal,0.8944388698994992,0.6229882558677022,0.8936011459718544,520.2429294586182,True,genuine
s035,6,ACCESS_GRANTED,0.9999999932494734,0.99999,True,0.01842479221522808,normal,0.7561024301254406,0.5850150980487844,0.8807220778244166,532.6457023620605,True,genuine
s035,7,ACCESS_GRANTED,0.999994536312668,0.99999,True,0.017693229019641876,normal,0.698830513168615,0.34480163472283476,0.7528813718187262,557.8703880310059,True,genuine
s035,8,ACCESS_GRANTED,0.9999996130935558,0.99999,True,0.02000446990132332,normal,0.6579846400736142,0.5055375258792869,0.8106196249734012,530.6990146636963,True,genuine
s036,5,ACCESS_GRANTED,0.9999990644418688,0.99979,True,0.01669313758611679,normal,0.7628162071119241,0.8665909715820853,0.9568995616711924,524.531364440918,True,genuine
s036,6,REJECT_SESSION,0.999785038088693,0.99979,False,0.01333262212574482,normal,0.5186845709348802,0.85119430930865,0.9624941506105219,524.2180824279785,True,genuine
s036,7,ACCESS_GRANTED,0.9999790450024796,0.99979,True,0.014185715466737747,normal,0.6415619496490444,0.8147396180537515,0.9444826457331188,704.1993141174316,True,genuine
s036,8,ACCESS_GRANTED,0.9999996774465515,0.99979,True,0.022471480071544647,normal,0.7989468664049573,0.8984424028406459,0.9583349232530995,823.9130973815918,True,genuine
s037,5,ACCESS_GRANTED,0.9999979066956167,0.99042,True,0.016626236960291862,normal,0.8200560253476659,0.6184050825982045,0.8724159980323236,839.2608165740967,True,genuine
s037,6,ACCESS_GRANTED,0.9988848429934959,0.99042,True,0.01585705578327179,normal,0.5849802821620729,0.4654811739309665,0.8385567683475913,858.1304550170898,True,genuine
s037,7,ACCESS_GRANTED,0.9977076371903203,0.99042,True,0.01812101900577545,normal,0.6629263259275628,0.3381736864372297,0.8771049128976042,537.0361804962158,True,genuine
s037,8,ACCESS_GRANTED,0.9904234922409024,0.99042,True,0.013026007451117039,normal,0.5804182977727872,0.341345197036872,0.8231593931209548,508.03685188293457,True,genuine
s038,5,REJECT_SESSION,0.9999999986622232,1.0,False,0.01532047614455223,normal,0.7124432034926355,0.6141511222405932,0.835511157874706,537.9228591918945,True,genuine
s038,6,REJECT_SESSION,0.9999999993481314,1.0,False,0.013031446374952793,normal,0.766420669417896,0.5845129086712932,0.8569356503182765,523.5164165496826,True,genuine
s038,7,REJECT_SESSION,0.9999999980110537,1.0,False,0.016294656321406364,normal,0.7391932277232861,0.5704273046077247,0.8101435044118417,523.8547325134277,True,genuine
s038,8,REJECT_SESSION,0.9999998981701673,1.0,False,0.013023472391068935,normal,0.6301396661883987,0.5119546970897533,0.8121501691406292,530.5514335632324,True,genuine
s039,5,ACCESS_GRANTED,0.999999886069498,0.99986,True,0.012940567918121815,normal,0.7213633000132268,0.7119631634616317,0.9078012407947486,551.1224269866943,True,genuine
s039,6,ACCESS_GRANTED,0.9999993104109514,0.99986,True,0.013174023479223251,normal,0.7211266774551006,0.5986465198437901,0.891587046359398,523.0607986450195,True,genuine
s039,7,ACCESS_GRANTED,0.9998611423643533,0.99986,True,0.01600264571607113,normal,0.625830920990014,0.38807967727759535,0.8869768644715689,518.3050632476807,True,genuine
s039,8,ACCESS_GRANTED,0.999998548253154,0.99986,True,0.01246679201722145,normal,0.7054162882615396,0.5783334967936241,0.8518410680221722,530.3244590759277,True,genuine
s040,5,REJECT_SESSION,0.9999999999633626,1.0,False,0.0282619409263134,normal,0.9130762113125871,0.7300031732415994,0.8985523119822807,532.9627990722656,True,genuine
s040,6,REJECT_SESSION,0.9999999731581894,1.0,False,0.027443623170256615,normal,0.7602723834749116,0.5625313886323867,0.8180725190194081,511.871337890625,True,genuine
s040,7,REJECT_SESSION,0.9999987705720785,1.0,False,0.024723408743739128,normal,0.5757748855255576,0.6102119760134043,0.8991555126550349,562.0508193969727,True,genuine
s040,8,REJECT_SESSION,0.9999999015900908,1.0,False,0.028007645159959793,normal,0.6578337644709303,0.6487016139321689,0.8403499685684264,552.4499416351318,True,genuine
s041,5,REJECT_SESSION,0.995685590687492,0.99569,False,0.027572471648454666,normal,0.6048475134514125,0.43318570166562864,0.8383312945741547,545.318603515625,True,genuine
s041,6,STEP_UP_AUTH,0.9967532520247252,0.99569,True,0.032203540205955505,elevated,0.397209305242566,0.7277820489337508,0.8896840434333984,531.8648815155029,True,genuine
s041,7,ACCESS_GRANTED,0.9990301396847052,0.99569,True,0.024764003232121468,normal,0.5896389772048675,0.5788328666573332,0.8158481018966134,552.6068210601807,True,genuine
s041,8,ACCESS_GRANTED,0.9982470354140877,0.99569,True,0.02698707766830921,normal,0.512462902342879,0.6261768031876009,0.861390604993932,525.4800319671631,True,genuine
s042,5,REJECT_SESSION,0.9999999913429681,1.0,False,0.013152110390365124,normal,0.7932402342289612,0.5949544714986031,0.8767083733716898,716.3751125335693,True,genuine
s042,6,REJECT_SESSION,0.9999992841013556,1.0,False,0.013353466056287289,normal,0.6755826088183084,0.5142576935809126,0.7943632194131274,1534.2369079589844,True,genuine
s042,7,REJECT_SESSION,0.9999993965691676,1.0,False,0.012817112728953362,normal,0.6637953277852335,0.5393715320451654,0.7937154507161562,1458.6844444274902,True,genuine
s042,8,REJECT_SESSION,0.9999953523301035,1.0,False,0.01136367954313755,normal,0.594170648925249,0.5074417366056068,0.835200693650768,516.2198543548584,True,genuine
s043,5,ACCESS_GRANTED,0.9999994675955991,0.99975,True,0.014128063805401325,normal,0.9033089878374932,0.6579417596568008,0.9162606559969814,563.8253688812256,True,genuine
s043,6,ACCESS_GRANTED,0.9999986849867246,0.99975,True,0.01312712486833334,normal,0.7881980667543774,0.8047326715633303,0.9454975062130699,525.784969329834,True,genuine
s043,7,ACCESS_GRANTED,0.9999905844264793,0.99975,True,0.01492208894342184,normal,0.7958951356302102,0.5888227751019333,0.8951658344895016,550.7268905639648,True,genuine
s043,8,ACCESS_GRANTED,0.999752367118354,0.99975,True,0.014046394266188145,normal,0.7082293905437279,0.4508884464408714,0.8046664295250854,520.9159851074219,True,genuine
s044,5,ACCESS_GRANTED,0.9999999044539067,0.99146,True,0.015830589458346367,normal,0.7611798101411512,0.5515459384423876,0.8313797887895477,553.1265735626221,True,genuine
s044,6,ACCESS_GRANTED,0.991462652578588,0.99146,True,0.013574004173278809,normal,0.32648950920369063,0.46314056613385923,0.7931300311303637,508.88967514038086,True,genuine
s044,7,ACCESS_GRANTED,0.9995238742767902,0.99146,True,0.016299482434988022,normal,0.58581640859994,0.28757520379645835,0.8019036388864825,552.3550510406494,True,genuine
s044,8,ACCESS_GRANTED,0.9991404954692149,0.99146,True,0.013729456812143326,normal,0.5291163462255105,0.32424578488832845,0.8177746063493336,516.7863368988037,True,genuine
s046,5,ACCESS_GRANTED,0.9987285903579806,0.36476,True,0.01692168228328228,normal,0.7125701743252021,0.3439227704840076,0.7222871422734882,565.4816627502441,True,genuine
s046,6,ACCESS_GRANTED,0.36476373443489807,0.36476,True,0.014469367451965809,normal,0.3555807027199245,0.2581070988590281,0.6273505841181646,529.6435356140137,True,genuine
s046,7,ACCESS_GRANTED,0.9976552624887122,0.36476,True,0.016096850857138634,normal,0.7065528342932077,0.3097881791225984,0.7506548421433739,540.6484603881836,True,genuine
s046,8,ACCESS_GRANTED,0.9759060612738965,0.36476,True,0.01681533083319664,normal,0.8191654006108802,0.08862993177246795,0.7340937921369511,548.6223697662354,True,genuine
s047,5,ACCESS_GRANTED,0.9999999843096816,0.99999,True,0.02044600248336792,normal,0.7901963788808736,0.4111543510040535,0.7765469040192832,531.8310260772705,True,genuine
s047,6,ACCESS_GRANTED,0.999995044357673,0.99999,True,0.02165747806429863,normal,0.7608199300631577,0.19227660744027483,0.7594481767049305,542.9081916809082,True,genuine
s047,7,ACCESS_GRANTED,0.9999948159944343,0.99999,True,0.0256344061344862,normal,0.6849933568549015,0.2649679365581367,0.7942938671842291,556.3223361968994,True,genuine
s047,8,ACCESS_GRANTED,0.9999999995700546,0.99999,True,0.025304554030299187,normal,0.8735782249971553,0.47373964378047656,0.8390438928873293,536.8242263793945,True,genuine
s048,5,ACCESS_GRANTED,0.9999993455431355,0.99996,True,0.014304890297353268,normal,0.7627493581642183,0.3919244868406219,0.8381286498745275,532.0258140563965,True,genuine
s048,6,ACCESS_GRANTED,0.9999648398305568,0.99996,True,0.014525044709444046,normal,0.6776368220019916,0.31283030023138536,0.653274780298916,868.2763576507568,True,genuine
s048,7,ACCESS_GRANTED,0.9999980083643987,0.99996,True,0.014117366634309292,normal,0.7494225176530819,0.35189523212040047,0.8166507758883196,879.8022270202637,True,genuine
s048,8,ACCESS_GRANTED,0.9999998656459884,0.99996,True,0.012927665375173092,normal,0.8688466429992981,0.36347640464286807,0.7634043757169241,879.4217109680176,True,genuine
s049,5,ACCESS_GRANTED,0.9999790491285332,0.99648,True,0.023724175989627838,normal,0.609085352401803,0.35381574376373864,0.7501832121477414,629.0178298950195,True,genuine
s049,6,ACCESS_GRANTED,0.9972606360135308,0.99648,True,0.02291029877960682,normal,0.4710484916033116,0.2771978695248404,0.7410911056511296,545.5076694488525,True,genuine
s049,7,ACCESS_GRANTED,0.9999705300596656,0.99648,True,0.025884229689836502,normal,0.6533243214567579,0.2764224630159608,0.7029414812329616,523.5249996185303,True,genuine
s049,8,REJECT_SESSION,0.9964792699905608,0.99648,False,0.01813879981637001,normal,0.46479481783149174,0.28160945048714137,0.689130288812289,519.0794467926025,True,genuine
s050,5,ACCESS_GRANTED,0.9999999999722016,0.99914,True,0.01593496836721897,normal,0.8067274877451774,0.6888924988081284,0.8607781864903379,672.1329689025879,True,genuine
s050,6,ACCESS_GRANTED,0.9999999880931195,0.99914,True,0.01413033902645111,normal,0.7655874869042071,0.4831226188178054,0.7835271200446792,1358.0906391143799,True,genuine
s050,7,REJECT_SESSION,0.9991353622820001,0.99914,False,0.015108427032828331,normal,0.7114740480318019,0.08049529601053307,0.6538354361627793,532.9432487487793,True,genuine
s050,8,ACCESS_GRANTED,0.9999999311448476,0.99914,True,0.01460354309529066,normal,0.7763801506405851,0.40041913456343553,0.7725933474958547,558.6347579956055,True,genuine
s051,5,ACCESS_GRANTED,0.9969402519222648,0.03774,True,0.017805639654397964,normal,0.5121078750788685,0.34632692133978743,0.7450181310471408,540.6954288482666,True,genuine
s051,6,ACCESS_GRANTED,0.8918168862424383,0.03774,True,0.01893964409828186,normal,0.31690778248400503,0.3060455028354009,0.8415965735448037,523.9918231964111,True,genuine
s051,7,ACCESS_GRANTED,0.9985899896668041,0.03774,True,0.018403414636850357,normal,0.5743639562716942,0.3305545216576425,0.7826111531599107,552.8967380523682,True,genuine
s051,8,REJECT_SESSION,0.03773616313609737,0.03774,False,0.014976411126554012,normal,0.20725798806333534,0.16864584820159897,0.7367152242189342,531.7080020904541,True,genuine
s052,5,REJECT_SESSION,0.9999999999999947,1.0,False,0.019762730225920677,normal,0.7965031725223706,0.9058396758418035,0.9657473838940396,524.1999626159668,True,genuine
s052,6,REJECT_SESSION,0.9999999999999964,1.0,False,0.021878570318222046,normal,0.8517415468571065,0.8644175915865608,0.9607831319356075,519.0427303314209,True,genuine
s052,7,REJECT_SESSION,0.9999999999999996,1.0,False,0.019941546022892,normal,0.913827324351529,0.8859393836832827,0.9646617104446582,533.2427024841309,True,genuine
s052,8,REJECT_SESSION,0.9999999999952356,1.0,False,0.02090386115014553,normal,0.6207872728389241,0.8198085697642579,0.9433626019746956,526.8819332122803,True,genuine
s053,5,ACCESS_GRANTED,0.9999992651664582,0.99328,True,0.019590960815548897,normal,0.8686843880607349,0.6296823711545654,0.8665208338925752,508.81052017211914,True,genuine
s053,6,ACCESS_GRANTED,0.9999873392307697,0.99328,True,0.01948530785739422,normal,0.8530042517559241,0.4531184864000131,0.791908354262122,861.1335754394531,True,genuine
s053,7,ACCESS_GRANTED,0.9999994234569862,0.99328,True,0.02028641477227211,normal,0.8359038676712938,0.6926914496033022,0.8736107527412856,824.8088359832764,True,genuine
s053,8,REJECT_SESSION,0.9932783015840575,0.99328,False,0.018420163542032242,normal,0.864538618010306,0.013493345937850376,0.5594618164898424,859.0993881225586,True,genuine
s054,5,ACCESS_GRANTED,0.6288503329153552,0.62885,True,0.013945077545940876,normal,0.4794184988723779,0.12439958627174591,0.7180175666114996,658.5087776184082,True,genuine
s054,6,ACCESS_GRANTED,0.9237564473519211,0.62885,True,0.015144482254981995,normal,0.3751773502630202,0.34457162542160513,0.7690532567699729,535.3248119354248,True,genuine
s054,7,ACCESS_GRANTED,0.9995940468504312,0.62885,True,0.015010138042271137,normal,0.5718908199819281,0.44392804710378947,0.7370496383208246,532.0076942443848,True,genuine
s054,8,ACCESS_GRANTED,0.9733388400893149,0.62885,True,0.013408186845481396,normal,0.5039378884934609,0.26530949998504244,0.766879086666903,537.8015041351318,True,genuine
s055,5,ACCESS_GRANTED,0.9999823497480863,0.89164,True,0.015387975610792637,normal,0.8219556329230349,0.7301793602787997,0.8939057010675071,515.0539875030518,True,genuine
s055,6,ACCESS_GRANTED,0.996486819028147,0.89164,True,0.016397790983319283,normal,0.655287554768277,0.5033855776596342,0.8435961593498617,537.970781326294,True,genuine
s055,7,ACCESS_GRANTED,0.9982033768452387,0.89164,True,0.015905162319540977,normal,0.7073050143488908,0.4832239410429454,0.8296829318563284,525.6929397583008,True,genuine
s055,8,REJECT_SESSION,0.8916375092469143,0.89164,False,0.019484249874949455,normal,0.7479330563169535,0.0286922698009896,0.6743023725106221,551.18727684021,True,genuine
s056,5,ACCESS_GRANTED,0.9999996709533646,0.99622,True,0.018649930134415627,normal,0.833261533033729,0.7133881418623412,0.9075475351814768,523.4074592590332,True,genuine
s056,6,ACCESS_GRANTED,0.999302377185381,0.99622,True,0.018764233216643333,normal,0.6235151637072078,0.45934702928285276,0.8444136367758671,579.4227123260498,True,genuine
s056,7,ACCESS_GRANTED,0.9998782846150307,0.99622,True,0.018167806789278984,normal,0.6012025357005213,0.5924153633876397,0.8637056072944082,519.8085308074951,True,genuine
s056,8,REJECT_SESSION,0.9962150786427082,0.99622,False,0.020392360165715218,normal,0.7222382106573598,0.2721261564552903,0.7044402383710335,544.6591377258301,True,genuine
s057,5,ACCESS_GRANTED,0.9992597144565687,0.25762,True,0.017651263624429703,normal,0.5549082009860985,0.597484295277522,0.8643497389040639,526.167631149292,True,genuine
s057,6,ACCESS_GRANTED,0.9880054118368735,0.25762,True,0.01549790520220995,normal,0.4312439886353149,0.5564663638534509,0.8632991490796742,512.9950046539307,True,genuine
s057,7,ACCESS_GRANTED,0.8723008440482962,0.25762,True,0.017225338146090508,normal,0.3859001268065853,0.43030306031440074,0.8402412594998466,529.8597812652588,True,genuine
s057,8,ACCESS_GRANTED,0.25762105013917747,0.25762,True,0.018509401008486748,normal,0.2618158111709177,0.37738333632943855,0.8302152621708702,520.3940868377686,True,genuine
s022,6,REJECT_SESSION,1.8248445401432576e-05,0.99996,False,0.01948530785739422,normal,0.019209699556139867,0.0015881161231080044,0.2858123173374665,527.9252529144287,False,impostor
s031,8,REJECT_SESSION,0.0005126496823629152,0.40266,False,0.011488682590425014,normal,0.12171524255626333,0.03453541934044122,0.5074240768369074,523.3376026153564,False,impostor
s028,8,REJECT_SESSION,0.003184576122205966,0.99777,False,0.013023472391068935,normal,0.2823048915901165,0.014505482828326715,0.5858173860464981,524.3973731994629,False,impostor
s007,6,REJECT_SESSION,0.007246419661878652,0.11549,False,0.018166691064834595,normal,0.3432519664743933,0.007522092495797285,0.6640174651391131,792.8876876831055,False,impostor
s007,8,REJECT_SESSION,0.0003622611952215188,0.11549,False,0.018926585093140602,normal,0.14007815426834422,0.03145959976591297,0.6327094987997957,801.8121719360352,False,impostor
s021,6,REJECT_SESSION,4.532780039989116e-05,0.99705,False,0.018764233216643333,normal,0.06653235437159123,2.0977209151706787e-05,0.4782059239965707,828.1681537628174,False,impostor
s030,7,REJECT_SESSION,0.00011029395227267204,0.99998,False,0.013219439424574375,normal,0.067675350477418,0.024989085633348396,0.5449192665557516,735.6791496276855,False,impostor
s038,6,REJECT_SESSION,3.222190430071945e-05,1.0,False,0.012528933584690094,normal,0.02292726250176942,0.00010458996808347853,0.6912085637632253,527.6191234588623,False,impostor
s016,5,REJECT_SESSION,4.999304412929659e-05,0.99795,False,0.027572471648454666,normal,0.03771867754958041,0.005197344072477839,0.608605384418277,518.1684494018555,False,impostor
s035,8,REJECT_SESSION,3.55481052338341e-05,0.99999,False,0.018509401008486748,normal,0.04957540621118551,0.0021687048043288566,0.48323422159039575,557.3947429656982,False,impostor
s056,5,REJECT_SESSION,0.0001871982819888713,0.99622,False,0.01669313758611679,normal,0.01608790074743465,0.1320582823431456,0.6661429029765809,525.9659290313721,False,impostor
s052,5,REJECT_SESSION,0.6318791030693134,1.0,False,0.013945077545940876,normal,0.3050372107709819,0.1489707449288998,0.5318361837561737,550.7590770721436,False,impostor
s033,5,REJECT_SESSION,0.00011966316004906952,1.0,False,0.012250020168721676,normal,0.07248090268303586,0.02183202699621718,0.4517440756343313,526.4465808868408,False,impostor
s044,6,REJECT_SESSION,0.003994045777712082,0.99146,False,0.013031446374952793,normal,0.07881561474430009,0.19225527658394384,0.759025406829543,535.4006290435791,False,impostor
s042,5,REJECT_SESSION,3.420714685300082e-05,1.0,False,0.013240126892924309,normal,0.029899406796663447,0.009474364356805279,0.6203733896242077,512.3858451843262,False,impostor
s024,5,REJECT_SESSION,0.0002895795581366678,0.99978,False,0.013945077545940876,normal,0.11825794087919875,0.0029087940233119515,0.6935012369823328,565.9539699554443,False,impostor
s044,7,REJECT_SESSION,0.0012110766993782783,0.99146,False,0.012086833827197552,normal,0.09355560096481352,0.11675293149235273,0.6957065046813586,544.5396900177002,False,impostor
s039,8,REJECT_SESSION,8.669234407325931e-05,0.99986,False,0.019306499511003494,normal,0.08087332345699402,0.01784140924915765,0.5151845209617406,546.3171005249023,False,impostor
s046,5,REJECT_SESSION,0.00012678969376074314,0.36476,False,0.020857885479927063,normal,0.09813229424016907,0.01952009389057765,0.5517622016263387,515.1669979095459,False,impostor
s015,6,REJECT_SESSION,0.0006764821445622951,0.90296,False,0.02291029877960682,normal,0.03270399756094561,0.11656324704123232,0.6893063090969316,523.8099098205566,False,impostor
s047,7,REJECT_SESSION,0.0005992762868999168,0.99999,False,0.009631323628127575,normal,0.08067160141035554,0.05134203536880211,0.689147291360286,530.3189754486084,False,impostor
s046,8,REJECT_SESSION,0.00033475961095342496,0.36476,False,0.019306499511003494,normal,0.0854875681116794,0.05588089280249844,0.7059367050269111,555.9196472167969,False,impostor
s005,7,REJECT_SESSION,0.00039511269523145165,0.99999,False,0.024764003232121468,normal,0.05860716410557326,0.07000529640748238,0.806838908961888,533.3197116851807,False,impostor
s042,8,REJECT_SESSION,0.00033536148676526346,1.0,False,0.01342257671058178,normal,0.10266627326805539,0.037137793714602435,0.6548312389773181,543.1289672851562,False,impostor
s003,7,REJECT_SESSION,5.506461234549114e-05,0.86069,False,0.01492208894342184,normal,0.03801935109411443,0.0006406552191809396,0.8636216491618581,544.9786186218262,False,impostor
s011,6,REJECT_SESSION,3.727334455437592e-05,0.82343,False,0.01948530785739422,normal,0.05636454086736704,0.022515839023999114,0.40607893404364076,805.0837516784668,False,impostor
s012,5,REJECT_SESSION,7.770538006035968e-05,0.98784,False,0.011280307546257973,normal,0.019810185092118186,0.10386191520855938,0.6408821032116094,858.0291271209717,False,impostor
s053,8,REJECT_SESSION,0.0068362954092649544,0.99328,False,0.014231029897928238,normal,0.255620996581561,0.11162192876049198,0.5891905111770164,852.2813320159912,False,impostor
s033,8,REJECT_SESSION,2.9189065332431943e-05,1.0,False,0.01342257671058178,normal,0.025627038395488633,0.0104177204417164,0.44521863306004444,755.9504508972168,False,impostor
s007,5,REJECT_SESSION,0.00013685420476802543,0.11549,False,0.013240126892924309,normal,0.0890153471180664,0.0026233702779010553,0.7635560707430097,536.4987850189209,False,impostor
s022,7,REJECT_SESSION,0.00016956017920725109,0.99996,False,0.013219439424574375,normal,0.10142159945561056,0.0004277155747247757,0.5050415390609901,552.4084568023682,False,impostor
s026,5,REJECT_SESSION,0.00025294849289591047,0.99995,False,0.012250020168721676,normal,0.14182935821815432,0.008010942347427701,0.6329345284993051,526.5815258026123,False,impostor
s013,7,REJECT_SESSION,3.216429061884179e-05,0.93831,False,0.02205415815114975,normal,0.024097707288021554,0.009199153369965346,0.7494412772478801,549.675703048706,False,impostor
s043,8,REJECT_SESSION,0.00010505008994359271,0.99975,False,0.013083524070680141,normal,0.07307500941713423,0.05119901575587353,0.43208626261609345,540.0290489196777,False,impostor
s028,5,REJECT_SESSION,8.594328530410991e-05,0.99777,False,0.016626236960291862,normal,0.07237712324961593,0.02521464868480339,0.6210277343118306,550.9333610534668,False,impostor
s026,6,REJECT_SESSION,0.00018720503393618567,0.99995,False,0.012099379673600197,normal,0.06796308732632174,0.06024095075886961,0.5892352089201864,561.8808269500732,False,impostor
s039,5,REJECT_SESSION,2.6070068452378178e-05,0.99986,False,0.02258726768195629,normal,0.046155130192337177,0.001534261762937226,0.4274960499381768,557.9378604888916,False,impostor
s050,7,REJECT_SESSION,0.00013209515152947285,0.99914,False,0.016299482434988022,normal,0.07785915240360598,0.012504433162753216,0.6486743906515572,540.766716003418,False,impostor
s049,8,REJECT_SESSION,0.00041615761988625377,0.99648,False,0.011488682590425014,normal,0.09560846003279322,0.08389452726538423,0.5055456702898651,541.7618751525879,False,impostor
s019,5,REJECT_SESSION,0.00014527606144244294,0.99999,False,0.013725846074521542,normal,0.09654585675302711,0.00758146649358845,0.5692377721844291,532.1648120880127,False,impostor
s020,6,REJECT_SESSION,0.00011605296842270617,0.97055,False,0.013574004173278809,normal,0.06097590901579429,0.06480450391085647,0.5966853013512196,553.2898902893066,False,impostor
s012,8,REJECT_SESSION,6.668864967624783e-05,0.98784,False,0.013965186662971973,normal,0.0834165430212967,0.008604165254378075,0.54594818841717,526.1187553405762,False,impostor
s030,6,REJECT_SESSION,0.00044157663693074524,0.99998,False,0.015144482254981995,normal,0.11622252032563621,0.010464161763759139,0.6843220386134875,533.9570045471191,False,impostor
s049,5,REJECT_SESSION,0.00018349683092064962,0.99648,False,0.02044600248336792,normal,0.07470361321896382,0.0710692761138159,0.4855615821152753,556.4894676208496,False,impostor
s010,6,REJECT_SESSION,5.645823012381854e-05,0.99783,False,0.015826283022761345,normal,0.08537346754062645,0.0009581084554337509,0.5484882169861881,542.4151420593262,False,impostor
s005,7,REJECT_SESSION,0.00019306003257021353,0.99999,False,0.02041490748524666,normal,0.12473500485156103,0.005345132420436991,0.5500482081589152,544.651985168457,False,impostor
s040,7,REJECT_SESSION,0.0003347203421409444,1.0,False,0.01480114459991455,normal,0.1179514154353862,0.022571477888116743,0.42905161468074937,608.7017059326172,False,impostor
s056,6,REJECT_SESSION,0.0014822609372618272,0.99622,False,0.015978176146745682,normal,0.2595677053779764,0.015145350857420121,0.6012321474027003,874.8769760131836,False,impostor
s055,8,REJECT_SESSION,2.586342208372135e-05,0.89164,False,0.010926096700131893,normal,0.05173337570286197,7.66810463455523e-05,0.6185127277059084,860.9042167663574,False,impostor
s004,7,REJECT_SESSION,0.00011447097482387808,0.9915,False,0.02028641477227211,normal,0.0922352129885121,0.023980721828383757,0.4817627390735892,852.3659706115723,False,impostor
s057,6,REJECT_SESSION,0.00020213362135681185,0.25762,False,0.013574004173278809,normal,0.0933778348792604,0.053262455779680355,0.7377430328501613,569.3399906158447,False,impostor
s027,8,REJECT_SESSION,0.00037002777532983954,0.99961,False,0.008610483258962631,normal,0.11873783551086632,0.01001006344247919,0.6697750420304914,1307.8749179840088,False,impostor
s020,8,REJECT_SESSION,0.00011378113565721235,0.97055,False,0.014934588223695755,normal,0.11707317630188159,0.0009426332250776231,0.49453379781721746,579.521894454956,False,impostor
s041,6,REJECT_SESSION,2.83321043508746e-05,0.99569,False,0.014857178553938866,normal,0.039238846331707704,0.013145809778840997,0.5221182011951065,516.3989067077637,False,impostor
s018,5,REJECT_SESSION,0.0005206616538168433,0.99995,False,0.02044600248336792,normal,0.1257966171970701,0.06338782269736036,0.6348101238382733,546.2496280670166,False,impostor
s039,7,REJECT_SESSION,0.00015860581754934057,0.99986,False,0.011776813305914402,normal,0.03783933515352972,0.09344017504565351,0.6612703498613731,513.857364654541,False,impostor
s046,7,REJECT_SESSION,0.0003467694910283502,0.36476,False,0.01683344878256321,normal,0.1129965987701982,0.060253905900523576,0.5665211717556001,526.686429977417,False,impostor
s010,5,REJECT_SESSION,0.002893026299541699,0.99783,False,0.01593496836721897,normal,0.19327251225482253,0.07060243701591916,0.7666941137377014,535.5105400085449,False,impostor
s036,7,REJECT_SESSION,2.354894173565408e-05,0.99979,False,0.019941546022892,normal,0.02579349989417421,0.024321024161295748,0.23440710824853545,527.8620719909668,False,impostor
s028,8,REJECT_SESSION,0.007918720504365616,0.99777,False,0.014046394266188145,normal,0.1902524084323501,0.18129040001684057,0.6559146101936454,539.4649505615234,False,impostor
s041,5,REJECT_SESSION,2.834378939806402e-05,0.99569,False,0.014304890297353268,normal,0.028850634505275783,0.02040920287213585,0.5511305434589133,554.2159080505371,False,impostor
s040,7,REJECT_SESSION,8.807821515246677e-05,1.0,False,0.016096850857138634,normal,0.06638210025900917,0.01034001186064635,0.4957194008595688,530.7729244232178,False,impostor
s029,5,REJECT_SESSION,6.981138241213226e-05,0.99826,False,0.01448131538927555,normal,0.10167696007332364,0.0019506001064169723,0.61627635556016,557.2621822357178,False,impostor
s047,7,REJECT_SESSION,0.00027280880759560945,0.99999,False,0.021860839799046516,normal,0.12586816865563602,0.0009517920082870444,0.4397850212521666,517.0881748199463,False,impostor
s019,6,REJECT_SESSION,0.00011003997661926725,0.99999,False,0.01585477776825428,normal,0.08821499382932309,0.001660893019304486,0.5737170779512553,524.4278907775879,False,impostor
s008,5,REJECT_SESSION,0.00010106272528121649,0.98614,False,0.012250020168721676,normal,0.09364355475428421,0.018360856393664554,0.6421925929480393,527.3938179016113,False,impostor
s004,8,REJECT_SESSION,0.00022740761471649318,0.9915,False,0.010396625846624374,normal,0.14135096099260833,0.004313867038736883,0.5091806171256169,527.4865627288818,False,impostor
s022,5,REJECT_SESSION,0.07982186798938216,0.99996,False,0.01669313758611679,normal,0.140849587554607,0.5596435920753574,0.9005825235706963,774.2300033569336,False,impostor
s010,7,REJECT_SESSION,6.491918313124298e-05,0.99783,False,0.02028641477227211,normal,0.0474330226169035,0.007736987468617114,0.8088979385943036,826.1723518371582,False,impostor
s037,5,REJECT_SESSION,0.0013787929184873365,0.99042,False,0.01592213101685047,normal,0.17979684659822784,0.05333607033938833,0.7459204425561342,866.4617538452148,False,impostor
s036,8,REJECT_SESSION,5.6755256757588126e-05,0.99979,False,0.013083524070680141,normal,0.05166410773665953,0.020877640494246362,0.443879698402819,740.1127815246582,False,impostor
s020,7,REJECT_SESSION,0.039714596706893215,0.97055,False,0.01733173243701458,normal,0.3547459193008424,0.0408044389723931,0.619647238204891,534.4946384429932,False,impostor
s057,8,REJECT_SESSION,0.0005477478016121807,0.25762,False,0.02820746786892414,normal,0.18471366796747063,0.00038266299354792636,0.7312815612385285,553.9693832397461,False,impostor
s029,6,REJECT_SESSION,0.0004606972430287389,0.99826,False,0.015978176146745682,normal,0.20875076909563087,0.0027199459698711197,0.6939310200703078,514.0876770019531,False,impostor
s031,6,REJECT_SESSION,4.913879000761827e-05,0.40266,False,0.014857178553938866,normal,0.024827305792267072,0.013418625526926875,0.6352221715496761,553.2529354095459,False,impostor
s039,7,REJECT_SESSION,5.579095226287632e-05,0.99986,False,0.013219439424574375,normal,0.07527030008737651,0.011948801434777527,0.41880084867804696,506.6959857940674,False,impostor
s026,8,REJECT_SESSION,0.00011379649040968453,0.99995,False,0.02000446990132332,normal,0.08690158555958859,0.02108880956940313,0.5838287415025157,591.0160541534424,False,impostor
s049,8,REJECT_SESSION,3.368283791608509e-05,0.99648,False,0.012927665375173092,normal,0.014551324290051364,0.04389533724120146,0.5822343064459172,523.4692096710205,False,impostor
s013,5,REJECT_SESSION,0.004965020330235468,0.93831,False,0.019730830565094948,normal,0.17708800203791508,0.19783967986669218,0.6813717927589056,508.1648826599121,False,impostor
s036,7,REJECT_SESSION,0.00024714689368175144,0.99979,False,0.017693229019641876,normal,0.12422091865519559,0.01435532938673013,0.4130078181551357,524.7893333435059,False,impostor
s022,5,REJECT_SESSION,0.00010146440348087886,0.99996,False,0.027572471648454666,normal,0.02670621595738479,0.11320729879514577,0.6148625855746449,526.8955230712891,False,impostor
s021,6,REJECT_SESSION,5.2251713351261984e-05,0.99705,False,0.020466703921556473,normal,0.04161556439386201,0.022226197725481248,0.5583869126109245,545.2370643615723,False,impostor
s027,8,REJECT_SESSION,5.133937424601066e-05,0.99961,False,0.013729456812143326,normal,0.04986016816167466,0.005968691934539977,0.5381943854324918,571.3315010070801,False,impostor
s041,6,REJECT_SESSION,0.0005146479715575466,0.99569,False,0.015144482254981995,normal,0.1661172651866309,0.03424301449328938,0.6747226708867027,569.2720413208008,False,impostor
s032,8,REJECT_SESSION,8.104660088562828e-05,0.13731,False,0.022505735978484154,normal,0.06194918457322087,0.02925307644491376,0.7403378706523821,528.3057689666748,False,impostor
s021,6,REJECT_SESSION,0.00037719946154925454,0.99705,False,0.01413033902645111,normal,0.11329564810285297,0.018697336242580007,0.648862808576528,545.2940464019775,False,impostor
s015,5,REJECT_SESSION,4.2547546872571944e-05,0.90296,False,0.027572471648454666,normal,0.03017483584892165,2.1866238808746954e-05,0.5861440279902731,522.4111080169678,False,impostor
s027,6,REJECT_SESSION,6.029588363145695e-05,0.99961,False,0.01312712486833334,normal,0.09128010785684118,0.002876406670468654,0.3303720891811905,539.4842624664307,False,impostor
s007,7,REJECT_SESSION,0.0007678421121812613,0.11549,False,0.02081061340868473,normal,0.18764100359789293,0.03258084230924581,0.6151418103400965,527.5599956512451,False,impostor
s033,8,REJECT_SESSION,0.0003558821001627655,1.0,False,0.025304554030299187,normal,0.051639419780694196,0.07974288419547951,0.7429767160661729,816.2651062011719,False,impostor
s007,7,REJECT_SESSION,0.00023912664597750176,0.11549,False,0.013828428462147713,normal,0.06414333882472875,0.0598581665856628,0.7139583464595133,850.2001762390137,False,impostor
s013,8,REJECT_SESSION,2.8075976285163492e-05,0.93831,False,0.012927665375173092,normal,0.03321791768380424,0.015569456072891836,0.6429281418231162,860.0740432739258,False,impostor
s034,8,REJECT_SESSION,0.00022117355308762127,0.74692,False,0.016103066504001617,normal,0.12677878432024997,0.007535942602510245,0.5933565773227302,678.6201000213623,False,impostor
s031,8,REJECT_SESSION,5.907867683829174e-05,0.40266,False,0.019484249874949455,normal,0.008146926653881574,0.034899282180978625,0.6782759274034689,584.0368270874023,False,impostor
s057,7,REJECT_SESSION,0.0019430214391878634,0.25762,False,0.016279326751828194,normal,0.22952854428213204,0.028702946188324037,0.7612375272354471,534.4376564025879,False,impostor
s018,6,REJECT_SESSION,2.7762559911981006e-05,0.99995,False,0.013031446374952793,normal,0.03546805657939341,7.117478193322251e-05,0.5487629887407648,564.6660327911377,False,impostor
s007,6,REJECT_SESSION,6.912510518828941e-05,0.11549,False,0.01312712486833334,normal,0.09624453634777501,0.0031893291517312724,0.5262101277282297,533.4227085113525,False,impostor
s007,5,REJECT_SESSION,0.00034327305686042187,0.11549,False,0.0176660418510437,normal,0.04316971348690443,0.11555981704486833,0.5971267505886153,550.4970550537109,False,impostor
s057,6,REJECT_SESSION,0.00010764201980423116,0.25762,False,0.021034449338912964,normal,0.06530736964024665,0.058294270355291146,0.6760245879129713,544.5764064788818,False,impostor
s047,8,REJECT_SESSION,5.42837854413156e-05,0.99999,False,0.020392360165715218,normal,0.04681317995451992,0.009890465356195359,0.46251745088535834,527.461051940918,False,impostor
s034,6,REJECT_SESSION,0.00013822778413079403,0.74692,False,0.018157457932829857,normal,0.09919309508643454,0.02113641395004924,0.5631420582435661,545.6047058105469,False,impostor
s022,5,REJECT_SESSION,0.0006392140806447532,0.99996,False,0.019379956647753716,normal,0.06597413982771252,0.20618665268219605,0.7225172799076621,550.6777763366699,False,impostor
s053,7,REJECT_SESSION,0.0012141056022088748,0.99328,False,0.020361486822366714,normal,0.24217932384571095,0.00013310744922998932,0.5862337987054669,524.7876644134521,False,impostor
s040,8,REJECT_SESSION,0.0028314460485482,1.0,False,0.02698707766830921,normal,0.20285096626863497,0.017447535099327813,0.44305131632898,562.2332096099854,False,impostor
s029,8,REJECT_SESSION,2.2909388269634394e-05,0.99826,False,0.019484249874949455,normal,0.024919123625090477,0.005697206807239213,0.5946220495843968,546.2296009063721,False,impostor
s019,6,REJECT_SESSION,0.0001119991161473097,0.99999,False,0.013353466056287289,normal,0.07602978000909347,0.010728997500228507,0.6147816596842033,530.6861400604248,False,impostor
s042,6,REJECT_SESSION,7.953378592004748e-05,1.0,False,0.008881861343979836,normal,0.07869012827155397,0.015029719047973207,0.5017311371918893,553.4040927886963,False,impostor
s002,7,REJECT_SESSION,0.00024343375689560675,0.06049,False,0.012990929186344147,normal,0.06849998245844222,0.08017604837444067,0.6466648475700567,541.0962104797363,False,impostor
s027,5,REJECT_SESSION,0.00022535524561217025,0.99961,False,0.015113623812794685,normal,0.09763154202362805,0.016294969227100563,0.5951114630028826,524.3101119995117,False,impostor
s043,6,REJECT_SESSION,0.0004912012186021556,0.99975,False,0.009890316985547543,normal,0.1833334305637039,2.134514622916031e-06,0.3352449427124429,518.9547538757324,False,impostor
s012,5,REJECT_SESSION,0.011450135957196626,0.98784,False,0.02270418219268322,normal,0.20671015733774417,0.32437996392225127,0.7838042922757805,588.8221263885498,False,impostor
s049,8,REJECT_SESSION,8.900391434494375e-05,0.99648,False,0.014934588223695755,normal,0.09007290746992623,0.0056215432627879595,0.4859948863494648,821.5639591217041,False,impostor
s025,7,REJECT_SESSION,0.0003391408887033668,1.0,False,0.015108427032828331,normal,0.12311793912124527,0.0029819931773151535,0.6624401161399929,834.8727226257324,False,impostor
s046,8,REJECT_SESSION,5.405918295049918e-05,0.36476,False,0.025304554030299187,normal,0.029883706007340027,8.413165466120312e-05,0.7114293497993798,934.0407848358154,False,impostor
s038,8,REJECT_SESSION,4.364921772578916e-05,1.0,False,0.02698707766830921,normal,0.03631682457050008,0.026463438597526645,0.49279156791034945,608.9015007019043,False,impostor
s055,8,REJECT_SESSION,0.0008294620550311074,0.89164,False,0.01813879981637001,normal,0.17493460957109705,0.061230743911637825,0.8454957837508038,555.4254055023193,False,impostor
s027,5,REJECT_SESSION,0.00011111570925640088,0.99961,False,0.020814411342144012,normal,0.09864269966624656,0.00045051906287507193,0.5031007056700841,540.9877300262451,False,impostor
s038,8,REJECT_SESSION,0.00010253873689335371,1.0,False,0.029138747602701187,elevated,0.06830732112147392,0.014743100050584747,0.6033714807344159,530.3218364715576,False,impostor
s029,5,REJECT_SESSION,0.0001839392516320018,0.99826,False,0.017072878777980804,normal,0.10167447936951003,0.029781085575853006,0.7093217129216821,539.353609085083,False,impostor
s032,6,REJECT_SESSION,0.00017365733569130174,0.13731,False,0.009890316985547543,normal,0.0702643099930045,0.09696102009611046,0.6527756849015147,513.0829811096191,False,impostor
s030,7,REJECT_SESSION,4.714834378601308e-05,0.99998,False,0.018403414636850357,normal,0.05414302765864962,0.0001745146769584532,0.4965905981732773,542.2177314758301,False,impostor
s038,6,REJECT_SESSION,0.00028229295621822164,1.0,False,0.021878570318222046,normal,0.04884366352218323,0.05716430554335015,0.7822650667940348,520.5323696136475,False,impostor
s049,5,REJECT_SESSION,0.00016395168413217752,0.99648,False,0.01669313758611679,normal,0.058294199748737806,0.06955062670780221,0.5894806865821917,555.1626682281494,False,impostor
s011,5,REJECT_SESSION,6.652304310735887e-05,0.82343,False,0.011280307546257973,normal,0.018916823327076254,0.1060019801133581,0.5765080265803371,520.0393199920654,False,impostor
s051,8,REJECT_SESSION,4.978327923825272e-05,0.03774,False,0.019658558070659637,normal,0.02838858691483986,0.02091243678961182,0.6382528875952318,547.9640960693359,False,impostor
s022,6,REJECT_SESSION,0.00238882935677497,0.99996,False,0.018151892349123955,normal,0.22082391515446897,0.002306845442638114,0.4999610144249221,525.9861946105957,False,impostor
s039,6,REJECT_SESSION,0.0024511848518982545,0.99986,False,0.015093877911567688,normal,0.17836065974139423,0.10436099131370945,0.4844061254077002,543.2288646697998,False,impostor
s027,8,REJECT_SESSION,6.793518823025101e-05,0.99961,False,0.011488682590425014,normal,0.06967740987302823,0.024925059640452024,0.3145843114125341,530.6482315063477,False,impostor
s036,5,REJECT_SESSION,0.00011930129896890294,0.99979,False,0.014304890297353268,normal,0.023441559346887807,0.14938400643832792,0.5906901439440372,570.3628063201904,False,impostor
s018,8,REJECT_SESSION,0.0022941774543304544,0.99995,False,0.0205149594694376,normal,0.21538566629102568,0.047123502644997615,0.5649263401259796,545.6743240356445,False,impostor
s016,8,REJECT_SESSION,0.00021088603545783198,0.99795,False,0.02458503097295761,normal,0.08858955927066224,0.009704708871988196,0.6044840815336919,567.8772926330566,False,impostor
s052,7,REJECT_SESSION,4.378268999279657e-05,1.0,False,0.024764003232121468,normal,0.04026503884078179,0.006773761454505331,0.4756012173727639,529.0787220001221,False,impostor
s027,5,REJECT_SESSION,0.0023942031758319854,0.99961,False,0.012250020168721676,normal,0.19801502149775127,0.0284292803446337,0.5591083036735446,682.8029155731201,False,impostor
s038,5,REJECT_SESSION,0.0013153008920313864,1.0,False,0.013945077545940876,normal,0.18130799497605307,9.309091141232614e-05,0.6475527588162577,832.1259021759033,False,impostor
s003,6,REJECT_SESSION,0.00018279099222430866,0.86069,False,0.0228642039000988,normal,0.1085777791937539,0.06193134000804273,0.628731127509338,868.4461116790771,False,impostor
s046,7,REJECT_SESSION,0.10238507857106537,0.36476,False,0.020361486822366714,normal,0.5186363824948022,0.010158094954175103,0.7515193245967198,843.0466651916504,False,impostor
s021,5,REJECT_SESSION,6.8432867798984e-05,0.99705,False,0.02258726768195629,normal,0.017150744395080502,0.05958179183702227,0.5469868364733854,543.1537628173828,False,impostor
s042,6,REJECT_SESSION,7.874417275946724e-05,1.0,False,0.022158890962600708,normal,0.047509566183378114,0.034519418664990316,0.6150112009585685,519.6208953857422,False,impostor
s051,5,REJECT_SESSION,0.00037453554982380834,0.03774,False,0.015200844034552574,normal,0.16963703071086242,0.011324852109129778,0.6338257813893162,535.0017547607422,False,impostor
s044,7,REJECT_SESSION,0.00035864747307666576,0.99146,False,0.009631323628127575,normal,0.11783250791845624,0.014638313072728481,0.68603852540296,535.7053279876709,False,impostor
s011,5,REJECT_SESSION,8.824794523027222e-05,0.82343,False,0.014304890297353268,normal,0.03469362525376797,0.08398051107810657,0.6872555155240015,559.6415996551514,False,impostor
s043,7,REJECT_SESSION,3.6910206944741234e-05,0.99975,False,0.011849034577608109,normal,0.023544441000409505,0.04354986576186601,0.4457811682534562,559.4322681427002,False,impostor
s033,5,REJECT_SESSION,2.4399860753776423e-05,1.0,False,0.015387975610792637,normal,0.013055120158566913,0.008573394607861225,0.5172236046937287,567.7280426025391,False,impostor
s039,5,REJECT_SESSION,0.00010018853687856767,0.99986,False,0.013240126892924309,normal,0.06859649161428988,0.022531028698037702,0.6548858831010758,567.155122756958,False,impostor
s029,5,REJECT_SESSION,3.6387754450834335e-05,0.99826,False,0.014128063805401325,normal,0.020737028084717085,0.020404251931746165,0.6460052952965615,622.915506362915,False,impostor
s016,8,REJECT_SESSION,0.0021282364209170316,0.99795,False,0.014046394266188145,normal,0.17135942061568143,0.025634667812221845,0.5450241694750323,541.8779850006104,False,impostor
s038,5,REJECT_SESSION,0.00044422349925739464,1.0,False,0.019730830565094948,normal,0.1332124255910974,0.0010312102087639175,0.6672652393281633,531.2697887420654,False,impostor
s046,6,REJECT_SESSION,4.669894962894056e-05,0.36476,False,0.00982250552624464,normal,0.02030881274305579,4.620704090427592e-05,0.7108612820914906,536.2200736999512,False,impostor
s056,7,REJECT_SESSION,0.0006200031580733577,0.99622,False,0.015752537176012993,normal,0.20755987238449788,0.014695268541114718,0.6037785931961358,1537.7297401428223,False,impostor
s025,7,REJECT_SESSION,0.00016184493972456345,1.0,False,0.011849034577608109,normal,0.05099580545449205,0.04781835637629856,0.6970438714496536,566.0450458526611,False,impostor
s007,7,REJECT_SESSION,0.0001172958740026964,0.11549,False,0.015752537176012993,normal,0.0851527774064921,0.02086310575108714,0.631292757817693,543.2438850402832,False,impostor
s008,8,REJECT_SESSION,0.0010932178213612443,0.98614,False,0.01246679201722145,normal,0.24095675759007032,0.033799850393923976,0.6685121777709774,543.4978008270264,False,impostor
s053,6,REJECT_SESSION,7.160468332292322e-05,0.99328,False,0.032203540205955505,elevated,0.06128931090737925,0.006993876287400682,0.7402030867845297,781.0628414154053,False,impostor
s003,8,REJECT_SESSION,0.0006541247881382512,0.86069,False,0.01813879981637001,normal,0.16566290896444005,0.06313320492006909,0.751961939835775,801.0499477386475,False,impostor
s041,6,REJECT_SESSION,0.0003655032529753838,0.99569,False,0.01549790520220995,normal,0.1564074029290184,0.002172091791884083,0.74958741803942,902.2641181945801,False,impostor
s010,8,REJECT_SESSION,5.659193879703878e-05,0.99783,False,0.02458503097295761,normal,0.06204380679231229,0.0013895513902123999,0.7032407032234156,808.6040019989014,False,impostor
s046,7,REJECT_SESSION,0.0019828997811791316,0.36476,False,0.02081061340868473,normal,0.27388195605424687,0.00034399145410851856,0.6914405653663006,551.5439510345459,False,impostor
s041,7,REJECT_SESSION,7.39400239063472e-05,0.99569,False,0.013219439424574375,normal,0.09073926970181335,0.03553068947617978,0.454477527504444,570.5888271331787,False,impostor
s048,8,REJECT_SESSION,5.253017417259107e-05,0.99996,False,0.010396625846624374,normal,0.05339562072773116,0.0043541351966260395,0.5112533978619873,556.2052726745605,False,impostor
s057,8,REJECT_SESSION,7.306654786130729e-05,0.25762,False,0.02000446990132332,normal,0.0964867344450986,0.013950464614050782,0.535263204744343,521.7728614807129,False,impostor
s044,8,REJECT_SESSION,0.00033319730183585674,0.99146,False,0.013408186845481396,normal,0.11747757760412972,0.016732486879358095,0.6606565900427237,555.185079574585,False,impostor
s031,7,REJECT_SESSION,0.0005842996463336687,0.40266,False,0.011849034577608109,normal,0.015983687470214582,0.14512724329408924,0.6302261161572839,580.9130668640137,False,impostor
s044,5,REJECT_SESSION,0.0002716316730706939,0.99146,False,0.019730830565094948,normal,0.11171708296882134,0.000467323791067092,0.7108382465549055,557.1727752685547,False,impostor
s029,6,REJECT_SESSION,4.8134997000091857e-05,0.99826,False,0.014857178553938866,normal,0.05014483032850135,0.005747808888846731,0.6792033455008077,541.2993431091309,False,impostor
s017,5,REJECT_SESSION,0.00044219622382373326,0.99573,False,0.010117072612047195,normal,0.15069918050226433,0.03497391813489108,0.7062523819926965,570.8558559417725,False,impostor
s052,8,REJECT_SESSION,0.00013451729702459447,1.0,False,0.029138747602701187,elevated,0.07031745216121017,0.004874475926907698,0.655489069391746,526.9136428833008,False,impostor
s005,5,REJECT_SESSION,0.0032634612095627773,0.99999,False,0.013945077545940876,normal,0.15651235417238815,0.12334063852273316,0.6693957316149894,565.894603729248,False,impostor
s026,5,REJECT_SESSION,8.256783311680875e-05,0.99995,False,0.0282619409263134,normal,0.026244491344551327,0.041996843655355366,0.6629089794265899,549.7844219207764,False,impostor
s056,5,REJECT_SESSION,0.00048063544637641487,0.99622,False,0.019730830565094948,normal,0.16008920470352958,0.038505570128702774,0.6572618859044983,562.0672702789307,False,impostor
s033,7,REJECT_SESSION,8.322828418951156e-05,1.0,False,0.014070284552872181,normal,0.07404234572609993,4.811111976476469e-06,0.4283436666741462,573.0526447296143,False,impostor
s027,7,REJECT_SESSION,0.00014397420445420858,0.99961,False,0.013828428462147713,normal,0.02819795284653852,0.05816899095380901,0.5414298469443627,565.6390190124512,False,impostor
s050,8,REJECT_SESSION,0.00010976535022024689,0.99914,False,0.018420163542032242,normal,0.0271512154154903,0.06672689968417196,0.5425845015307371,540.1585102081299,False,impostor
s047,6,REJECT_SESSION,0.000589059810877817,0.99999,False,0.02291029877960682,normal,0.07139205522161911,0.07693127809766205,0.5555710203386621,552.8161525726318,False,impostor
s055,6,REJECT_SESSION,0.5829816340451685,0.89164,False,0.018764233216643333,normal,0.3697875973759759,0.48313328102566316,0.8099566995956101,712.1620178222656,False,impostor
s028,5,REJECT_SESSION,0.0009394102681369958,0.99777,False,0.013875922188162804,normal,0.08482994056768875,0.17597911266453053,0.630632768538653,797.4069118499756,False,impostor
s043,5,REJECT_SESSION,4.730313227136637e-05,0.99975,False,0.019590960815548897,normal,0.04553545253433283,0.0037931590508766544,0.5216191518034636,894.9761390686035,False,impostor
s005,6,REJECT_SESSION,0.00022960614323969117,0.99999,False,0.015093877911567688,normal,0.1130537084348938,0.0006388484926782731,0.6803517147361127,838.8593196868896,False,impostor
s033,8,REJECT_SESSION,0.00011003341048722777,1.0,False,0.018509401008486748,normal,0.046500284073140746,0.03262637829934737,0.6229264260515897,581.6919803619385,False,impostor
s011,7,REJECT_SESSION,3.489124420090362e-05,0.82343,False,0.012817112728953362,normal,0.0533026258697556,0.0023734371266568113,0.48326861832121537,537.5230312347412,False,impostor
s012,8,REJECT_SESSION,0.008582848870969419,0.98784,False,0.028007645159959793,normal,0.34216623552906966,0.11076266763917902,0.6364024636732881,536.6542339324951,False,impostor
s026,5,REJECT_SESSION,0.019208028124942197,0.99995,False,0.011280307546257973,normal,0.16187326370464933,0.19939560195735584,0.6778744461905873,572.3211765289307,False,impostor
s027,5,REJECT_SESSION,7.166531477784527e-05,0.99961,False,0.019379956647753716,normal,0.05224171684273968,0.013876404342395066,0.5575311949863475,582.8759670257568,False,impostor
s010,8,REJECT_SESSION,9.505442598934318e-05,0.99783,False,0.01566959172487259,normal,0.04988111626922315,0.05235024318276539,0.6388986566759025,530.526876449585,False,impostor
s039,5,REJECT_SESSION,0.0012631679345900117,0.99986,False,0.013945077545940876,normal,0.18538318392018732,0.018046610955919737,0.7040879471022878,549.1189956665039,False,impostor
s038,5,REJECT_SESSION,0.00011799064595592476,1.0,False,0.018261972814798355,normal,0.07286831235700253,0.013788835261747543,0.6200326038225846,526.3855457305908,False,impostor
s022,6,REJECT_SESSION,0.00045757530818332727,0.99996,False,0.013433297164738178,normal,0.09339927344826418,0.11902075249435098,0.6060296346053791,533.3526134490967,False,impostor
s036,8,REJECT_SESSION,0.00020996495690075743,0.99979,False,0.028007645159959793,normal,0.11379568676937712,0.027103081260947265,0.38475887175053064,557.4030876159668,False,impostor
s040,7,REJECT_SESSION,0.0010897874018622575,1.0,False,0.016299482434988022,normal,0.15682260345269988,0.014570025020128274,0.548720955195832,577.0277976989746,False,impostor
s020,5,REJECT_SESSION,0.0002376357973661859,0.97055,False,0.015113623812794685,normal,0.12188875863567845,0.030466785117683096,0.5719505192407789,529.9251079559326,False,impostor
s043,8,REJECT_SESSION,0.00014668130167311627,0.99975,False,0.011138209141790867,normal,0.03168445892768804,0.12656694144288227,0.6406479215771519,584.8822593688965,False,impostor
s024,8,REJECT_SESSION,0.0002604649023796567,0.99978,False,0.013965186662971973,normal,0.1076140571017845,0.05156538973136968,0.5486627307438439,926.2790679931641,False,impostor
s042,8,REJECT_SESSION,4.5273879177970793e-05,1.0,False,0.019658558070659637,normal,0.04915116537033134,0.01157348856958293,0.5577311561278567,541.7168140411377,False,impostor
s025,8,REJECT_SESSION,0.001133576793104094,1.0,False,0.011488682590425014,normal,0.131116589642866,0.06670255275326449,0.5512982712007756,596.4570045471191,False,impostor
s048,5,REJECT_SESSION,0.0012319496232896835,0.99996,False,0.014436881057918072,normal,0.038131968157328215,0.16043488903008432,0.6887618173530637,566.2932395935059,False,impostor
s013,8,REJECT_SESSION,4.1360721223706615e-05,0.93831,False,0.011138209141790867,normal,0.03396905294858657,0.034153832126426885,0.6744784129920725,862.3971939086914,False,impostor
s047,6,REJECT_SESSION,6.989844600912494e-05,0.99999,False,0.01333262212574482,normal,0.08493123709872116,0.0029545668618814677,0.28843072799349995,887.00270652771,False,impostor
s003,8,REJECT_SESSION,5.4814027922445085e-05,0.86069,False,0.029138747602701187,elevated,0.10099785717097927,0.024412601902291286,0.46244220666748737,978.8343906402588,False,impostor
s037,7,REJECT_SESSION,0.000313534531192045,0.99042,False,0.012945970520377159,normal,0.11909937342754953,0.02039803355120821,0.745523194510864,681.492805480957,False,impostor
s054,8,REJECT_SESSION,3.9143197036970454e-05,0.62885,False,0.019658558070659637,normal,0.02998580581686188,0.00037853087380399446,0.7231285958422934,512.1927261352539,False,impostor
s010,7,REJECT_SESSION,0.0002662191996853023,0.99783,False,0.01683344878256321,normal,0.1586376964225425,0.004927229749285902,0.5792486590726122,532.3317050933838,False,impostor
